{"cameraMode":{"drawMode":0,"name":"Shaded","section":"Shading Mode"},"sceneLighting":false,"audioPlay":false,"sceneViewState":{"showFog":true,"showMaterialUpdate":false,"showSkybox":false,"showFlares":true,"showImageEffects":true,"showParticleSystems":true,"showVisualEffectGraphs":true,"m_FxEnabled":true},"in2DMode":false,"pivot":{"x":-0.039999961853027347,"y":0.18899911642074586,"z":0.2318953573703766},"rotation":{"x":-0.009899464435875416,"y":-0.9737915992736816,"z":0.2231949418783188,"w":-0.04326257109642029},"size":1.3492755889892579,"orthographic":false}