{"cameraMode":{"drawMode":0,"name":"Shaded","section":"Shading Mode"},"sceneLighting":false,"audioPlay":false,"sceneViewState":{"showFog":true,"showMaterialUpdate":false,"showSkybox":false,"showFlares":true,"showImageEffects":true,"showParticleSystems":true,"showVisualEffectGraphs":true,"m_FxEnabled":true},"in2DMode":false,"pivot":{"x":-0.025000005960464479,"y":0.0655025839805603,"z":-0.1972978413105011},"rotation":{"x":-0.009899464435875416,"y":-0.9737915992736816,"z":0.2231949418783188,"w":-0.04326257109642029},"size":1.67471182346344,"orthographic":false}