{"cameraMode":{"drawMode":0,"name":"Shaded","section":"Shading Mode"},"sceneLighting":false,"audioPlay":false,"sceneViewState":{"showFog":true,"showMaterialUpdate":false,"showSkybox":false,"showFlares":true,"showImageEffects":true,"showParticleSystems":true,"showVisualEffectGraphs":true,"m_FxEnabled":true},"in2DMode":false,"pivot":{"x":-8.031423568725586,"y":0.7478821277618408,"z":4.310060501098633},"rotation":{"x":-0.16455963253974915,"y":-0.005325699225068092,"z":0.0009078195434994996,"w":-0.9863808751106262},"size":2.1089704036712648,"orthographic":false}