{"cameraMode":{"drawMode":0,"name":"Shaded","section":"Shading Mode"},"sceneLighting":false,"audioPlay":false,"sceneViewState":{"showFog":true,"showMaterialUpdate":false,"showSkybox":false,"showFlares":true,"showImageEffects":true,"showParticleSystems":true,"showVisualEffectGraphs":true,"m_FxEnabled":true},"in2DMode":false,"pivot":{"x":-0.0010500550270080567,"y":-0.01676410436630249,"z":0.10283634066581726},"rotation":{"x":-0.16455963253974915,"y":-0.005325699225068092,"z":0.0009078195434994996,"w":-0.9863808751106262},"size":1.3329789638519288,"orthographic":false}