{"cameraMode":{"drawMode":0,"name":"Shaded","section":"Shading Mode"},"sceneLighting":false,"audioPlay":false,"sceneViewState":{"showFog":true,"showMaterialUpdate":false,"showSkybox":false,"showFlares":true,"showImageEffects":true,"showParticleSystems":true,"showVisualEffectGraphs":true,"m_FxEnabled":true},"in2DMode":false,"pivot":{"x":8.015897750854493,"y":1.1721947193145753,"z":8.847306251525879},"rotation":{"x":-0.04971866309642792,"y":-0.053311437368392947,"z":0.0026726839132606985,"w":-0.9973670244216919},"size":2.1758856773376467,"orthographic":false}